Workbook

Sheet BOM_platforma
A1: AP-T — BOM platformy (obudowa bez aparatury), koszty netto
A2: LEGENDA: żółte pola = edytuj (szacunki ze środka widełek koncepcji §13; zaktualizuj po ofertach z 'zapytania_ofertowe_v1'). Czarne = formuły. Niebieskie = ceny potwierdzone w sklepie.
A4: Pozycja | B4: Wykonanie / uwagi | C4: @2 szt. (prototyp) | D4: @50 szt. | E4: @200 szt. | F4: Źródło / komentarz
A5: Korpus (blacha EN AW-5754 3 mm, laser+gięcie, skręcany) | B5: ~10 kg; tył+boki+fronty | C5: 900 | D5: 520 | E5: 400 | F5: koncepcja §13: 420–620 zł @50
A6: Nitonakrętki M6 A2 (~60 szt.) + złącza + śruby | B6: osadzane przy gięciu | C6: 90 | D6: 58 | E6: 45 | F6: koncepcja §13
A7: Płyta podstawy 350×260×8 + żebra | B7: alu lub stal ocynk | C7: 150 | D7: 90 | E7: 70 | F7: koncepcja §13
A8: Daszek 420×340 (blacha 2 mm, RAL 9006) | B8: gięty, 4× M6 | C8: 110 | D8: 70 | E8: 55 | F8: koncepcja §13
A9: Malowanie proszkowe kl. 2 (RAL 9005 struktura) | B9: ~1,3 m² | C9: 190 | D9: 115 | E9: 90 | F9: koncepcja §13
A10: Drzwiczki S2 + zamek F550 + okno PC + uszczelki EPDM | C10: 180 | D10: 115 | E10: 90 | F10: koncepcja §13
A11: Moduł S2: 2× TH35, złączki N/PE, membrana DA 084, dławiki | C11: 200 | D11: 135 | E11: 110 | F11: koncepcja §13; STEGO ~25 zł
A12: Zaciski przelotowe X1 5×16 mm² + śruba PE + linki | C12: 140 | D12: 90 | E12: 72 | F12: koncepcja §13
A13: Panele funkcyjne (2–3 szt. wg SKU) | B13: blacha+proszek+uszczelki | C13: 140 | D13: 90 | E13: 70 | F13: koncepcja §13
A14: Hak + holster (wykonanie własne) | B14: pręt gięty + kubek PA6 | C14: 100 | D14: 62 | E14: 50 | F14: koncepcja §13
A15: RAZEM platforma | C15: =SUM(C5:C14) -> 2200 | D15: =SUM(D5:D14) -> 1345 | E15: =SUM(E5:E14) -> 1052

Sheet Aparatura
A1: AP-T — aparatura i osprzęt elektryczny + macierz ilości na SKU (ceny netto)
A2: Niebieskie ceny = potwierdzone (link w kol. F, 25.07.2026). Żółte = szacunek, edytuj po ofertach. Koszt SKU liczony formułą SUMPRODUCT z macierzy ilości.
A4: Komponent | B4: Symbol / typ | C4: Cena netto | D4: Status | F4: Źródło | G4: BASE | H4: SOCKET | I4: CHARGE | J4: WALLBOX | K4: DUO | L4: FIRMA (dodatek)
A5: RCD 4P 40A 30 mA typ A | B5: Hager CDA440J | C5: 125.09 | D5: POTWIERDZONA | F5: grupaelektro.pl | G5: 0 | H5: 0 | I5: 1 | J5: 1 | K5: 2 | L5: 0
A6: MCB C32 3P | B6: Eaton CLS6 / Noark Ex9BN | C6: 60 | D6: szacunek | G6: 0 | H6: 0 | I6: 1 | J6: 1 | K6: 2 | L6: 0
A7: RCBO 1P+N B16 30 mA typ A | B7: Noark Ex9NLE (ekonomicznie) | C7: 135 | D7: szacunek 110–160 | F7: TIM | G7: 0 | H7: 2 | I7: 0 | J7: 0 | K7: 0 | L7: 0
A8: SPD typ 2 4P | B8: ETI ETITEC / Eaton SPCT2 | C8: 270 | D8: szacunek | G8: 0 | H8: 0 | I8: 0 | J8: 0 | K8: 1 | L8: 0
A9: Licznik 3f DIN MID, Modbus | B9: Eastron SDM72D-M V2 | C9: 338.37 | D9: POTWIERDZONA | F9: electric.pl | G9: 0 | H9: 0 | I9: 0 | J9: 0 | K9: 0 | L9: 1
A10: Rozłącznik FR 40A 4P | B10: Eaton IS-40/4 | C10: 115 | D10: szacunek | G10: 0 | H10: 0 | I10: 0 | J10: 0 | K10: 0 | L10: 1
A11: Gniazdo CEE 32A 5P skośne IP44 | B11: PCE 425-6 | C11: 26.13 | D11: POTWIERDZONA (32,14 brutto) | F11: twojaelektra.pl | G11: 0 | H11: 0 | I11: 1 | J11: 1 | K11: 2 | L11: 0
A12: Gniazdo CEE 16A 5P skośne IP44 | B12: PCE 415-6 | C12: 28 | D12: szacunek | G12: 0 | H12: 1 | I12: 0 | J12: 0 | K12: 0 | L12: 0
A13: 2× Schuko IP54 z klapką (kpl.) | B13: PCE / Dr. Storm opcja | C13: 45 | D13: szacunek | G13: 0 | H13: 1 | I13: 0 | J13: 0 | K13: 0 | L13: 0
A14: Holster T2 | B14: rynek / własny | C14: 90 | D14: szacunek 40–140 | G14: 0 | H14: 0 | I14: 1 | J14: 1 | K14: 2 | L14: 0
A15: Dławnice + drobnica elektryczna | B15: M25/M32 IP68, tulejki | C15: 70 | D15: szacunek | G15: 1 | H15: 1 | I15: 1 | J15: 1 | K15: 1 | L15: 0
A16: Blok przelotowy 5×16 mm² | B16: Pollmann/Hager/WAGO | C16: 95 | D16: szacunek | G16: 1 | H16: 1 | I16: 1 | J16: 1 | K16: 1 | L16: 0
A17: KOSZT APARATURY I OSPRZĘTU / SKU | G17: =SUMPRODUCT($C$5:$C$16,G5:G16) -> 165 | H17: =SUMPRODUCT($C$5:$C$16,H5:H16) -> 508 | I17: =SUMPRODUCT($C$5:$C$16,I5:I16) -> 466.22 | J17: =SUMPRODUCT($C$5:$C$16,J5:J16) -> 466.22 | K17: =SUMPRODUCT($C$5:$C$16,K5:K16) -> 1037.44 | L17: =SUMPRODUCT($C$5:$C$16,L5:L16) -> 453.37
A19: Uwaga: SPD T2 w CHARGE/WALLBOX jako opcja +270 zł netto (w DUO w standardzie). SOCKET w wariancie oszczędnym: RCD 2P typ A + 2× MCB B16 zamiast 2× RCBO (–80…–120 zł).

Sheet Kalkulacja_SKU
A1: AP-T — kalkulacja cen SKU (netto; VAT 23% w kol. I)
A2: Żółte = edytuj (montaż fabryczny i CENA). Platforma = suma @50 z BOM_platforma. Aparatura = z arkusza Aparatura. FIRMA to DODATEK do wybranego SKU.
A4: SKU | B4: Platforma (koszt @50) | C4: Aparatura + osprzęt | D4: Montaż fabryczny + pakowanie | E4: KOSZT RAZEM | F4: CENA netto (edytuj) | G4: Marża zł | H4: Marża % | I4: Cena brutto (23%)
A5: BASE | B5: =BOM_platforma!$D$15 -> 1345 | C5: =Aparatura!G17 -> 165 | D5: 60 | E5: =B5+C5+D5 -> 1570 | F5: 1190 | G5: =F5-E5 -> -380 | H5: =IF(F5=0,0,G5/F5) -> -0.31932773 | I5: =F5*1.23 -> 1463.7
A6: SOCKET | B6: =BOM_platforma!$D$15 -> 1345 | C6: =Aparatura!H17 -> 508 | D6: 90 | E6: =B6+C6+D6 -> 1943 | F6: 1490 | G6: =F6-E6 -> -453 | H6: =IF(F6=0,0,G6/F6) -> -0.30402685 | I6: =F6*1.23 -> 1832.7
A7: CHARGE | B7: =BOM_platforma!$D$15 -> 1345 | C7: =Aparatura!I17 -> 466.22 | D7: 120 | E7: =B7+C7+D7 -> 1931.22 | F7: 1890 | G7: =F7-E7 -> -41.22 | H7: =IF(F7=0,0,G7/F7) -> -0.021809524 | I7: =F7*1.23 -> 2324.7
A8: WALLBOX | B8: =BOM_platforma!$D$15 -> 1345 | C8: =Aparatura!J17 -> 466.22 | D8: 110 | E8: =B8+C8+D8 -> 1921.22 | F8: 1690 | G8: =F8-E8 -> -231.22 | H8: =IF(F8=0,0,G8/F8) -> -0.13681657 | I8: =F8*1.23 -> 2078.7
A9: DUO | B9: =BOM_platforma!$D$15 -> 1345 | C9: =Aparatura!K17 -> 1037.44 | D9: 180 | E9: =B9+C9+D9 -> 2562.44 | F9: 2890 | G9: =F9-E9 -> 327.56 | H9: =IF(F9=0,0,G9/F9) -> 0.11334256 | I9: =F9*1.23 -> 3554.7
A10: FIRMA (dodatek) | B10: 0 | C10: =Aparatura!L17 -> 453.37 | D10: 40 | E10: =B10+C10+D10 -> 493.37 | F10: 590 | G10: =F10-E10 -> 96.63 | H10: =IF(F10=0,0,G10/F10) -> 0.16377966 | I10: =F10*1.23 -> 725.7
A12: Interpretacja: ujemna/niska marża @50 szt. to świadoma cena wejścia — przy serii @200 (kolumna E BOM) i etapie profilowym koszt platformy spada o 250–400 zł/szt. Sprawdź scenariusz: podmień w kol. B odwołanie na BOM_platforma!$E$15.

Sheet Instalacja
A1: Koszt wdrożenia u klienta (kalkulator ofertowy; stawki z research §9.5)
A2: Żółte = edytuj pod konkretną wycenę. Przykład wypełnienia: trasa 25 m, CHARGE.
A4: Długość trasy kablowej [m] | B4: 25 | C4: pomiar u klienta
A5: Stawka: wykop + kabel + zasypka [zł/m] | B5: 62 | C5: kb.pl: 52–72 zł/mb kompleksowo
A6: Fundament AP-F z dostawą | B6: 449 | C6: cennik akcesoriów AP-T
A7: Robocizna elektryka (montaż+podłączenie+uruchomienie) | B7: 1250 | C7: rynek 2026: 1000–1500 zł
A8: Pomiary odbiorcze z protokołem | B8: 750 | C8: rynek 2026: ~750 zł
A9: Słupek — cena netto (z arkusza Kalkulacja_SKU) | B9: =Kalkulacja_SKU!F7 -> 1890 | C9: domyślnie CHARGE (wiersz 7)
A11: Koszt trasy kablowej | B11: =B4*B5 -> 1550
A12: RAZEM instalacja (bez słupka) | B12: =B11+B6+B7+B8 -> 3999
A13: RAZEM projekt (instalacja + słupek netto) | B13: =B12+B9 -> 5889
A15: Wniosek sprzedażowy (research §9.5): instalacja zwykle kosztuje 2–4× więcej niż słupek — wszystko, co skraca robociznę (prefabrykat, montaż od frontu, gotowa aparatura), obniża rachunek całkowity klienta.
